[{"@type":"mappingTemplate","id":"@1","name":"Mapping_RESTV2","description":"","autoExpireObject":false,"bundleVersion":"0","assetFrsGuid":"90Dom8epJAGdIyiD2ahXmg","templateId":"@3","hasParameters":false,"valid":true,"fixedConnection":true,"hasParametersDeployed":false,"fixedConnectionDeployed":false,"isSchemaValidationEnabled":false,"tasks":0,"mappingPreviewFileRecordId":"@2","documentType":"MAPPING","allowMaxFieldLength":false,"references":[{"@type":"reference","refObjectId":"@7ki0vmqMsANkCAjeMbbKWJ","refType":"connection"},{"@type":"reference","refObjectId":"@2m7RlIdBvKwj0IRQ8UIQW9","refType":"connection"}]}]